Country Name,Country Code,Series Name,Series Code,2005 [YR2005],2006 [YR2006],2007 [YR2007],2008 [YR2008],2009 [YR2009],2010 [YR2010],2011 [YR2011],2012 [YR2012],2013 [YR2013],2014 [YR2014],2015 [YR2015]
Afghanistan,AFG,Agricultural land (% of land area),AG.LND.AGRI.ZS,58.0675795729559,58.0675795729559,58.0675795729559,58.0675795729559,58.0675795729559,58.0675795729559,58.0675795729559,58.0675795729559,58.0675795729559,..,..
Albania,ALB,Agricultural land (% of land area),AG.LND.AGRI.ZS,39.3065693430657,40.8759124087591,40.8394160583942,43.1021897810219,43.8430656934307,43.8430656934307,43.8321167883212,43.8430656934307,43.3321167883212,..,..
Algeria,DZA,Agricultural land (% of land area),AG.LND.AGRI.ZS,17.3028962019364,17.2903003686381,17.3201105074441,17.344042590711,17.3738527295171,17.3713335628574,17.3772116183966,17.3816999336619,17.3955343572346,..,..
American Samoa,ASM,Agricultural land (% of land area),AG.LND.AGRI.ZS,25,25,24,24,24.5,24.5,24.5,24.5,24.5,..,..
Andorra,ADO,Agricultural land (% of land area),AG.LND.AGRI.ZS,41.9148936170213,41.4893617021277,41.2765957446808,41.9148936170213,42.3404255319149,42.7659574468085,43.4042553191489,42.9787234042553,44.2553191489362,..,..
Angola,AGO,Agricultural land (% of land area),AG.LND.AGRI.ZS,46.1939520333681,46.1939520333681,46.274163792412,46.274163792412,46.7554343466752,46.8356461057191,47.3169166599824,47.3169166599824,47.4773401780701,..,..
Antigua and Barbuda,ATG,Agricultural land (% of land area),AG.LND.AGRI.ZS,20.4545454545455,20.4545454545455,20.4545454545455,20.4545454545455,20.4545454545455,20.4545454545455,20.4545454545455,20.4545454545455,20.4545454545455,..,..
Arab World,ARB,Agricultural land (% of land area),AG.LND.AGRI.ZS,40.0593416051623,40.0781795743962,40.1235005131786,40.0634942025868,39.9929243747215,40.0429823565164,38.0307476290263,38.3534209488283,38.1331383364029,..,..
Argentina,ARG,Agricultural land (% of land area),AG.LND.AGRI.ZS,50.3518849412977,51.5600963207378,52.6303673415696,52.7136796641198,52.5423047550143,53.8902835176801,54.1826074564529,54.5381464469852,54.5180491761946,..,..
Armenia,ARM,Agricultural land (% of land area),AG.LND.AGRI.ZS,56.3751317175975,61.6930101861609,61.5349490691956,61.3733754829645,61.3382507903056,60.9413417632596,59.6452406041447,59.1148577449947,59.0832455216017,..,..
Aruba,ABW,Agricultural land (% of land area),AG.LND.AGRI.ZS,11.1111111111111,11.1111111111111,11.1111111111111,11.1111111111111,11.1111111111111,11.1111111111111,11.1111111111111,11.1111111111111,11.1111111111111,..,..
Australia,AUS,Agricultural land (% of land area),AG.LND.AGRI.ZS,57.9447561277222,56.6139046900017,55.3804199263241,54.3181078583237,53.2430391939914,51.8828996524478,53.3268161878604,52.7802871535868,51.6271559298648,..,..
Austria,AUT,Agricultural land (% of land area),AG.LND.AGRI.ZS,39.4363041898765,39.1792201501574,39.165637336821,38.7730388238998,38.6818616705623,38.5752352805804,38.5300530561814,38.350012115338,38.2216379299899,..,..
Azerbaijan,AZE,Agricultural land (% of land area),AG.LND.AGRI.ZS,57.5683522864747,57.5529121337899,57.5645354536543,57.5683493289119,57.5790951562538,57.6703445605885,57.691935444845,57.6870962278303,57.7045451795933,..,..
"Bahamas, The",BHS,Agricultural land (% of land area),AG.LND.AGRI.ZS,1.2987012987013,1.2987012987013,1.2987012987013,1.2987012987013,1.4985014985015,1.4985014985015,1.3986013986014,1.3986013986014,1.3986013986014,..,..
Bahrain,BHR,Agricultural land (% of land area),AG.LND.AGRI.ZS,11.7567567567568,11.5540540540541,11.2,10.7894736842105,11,11.2860892388451,11.2125162972621,11.1688311688312,11.1688311688312,..,..
Bangladesh,BGD,Agricultural land (% of land area),AG.LND.AGRI.ZS,71.5295382960744,71.2913881846816,71.1838365214719,71.0839671199201,71.0301912883153,70.9917799800261,70.1236844126911,70.0622263194284,69.9700391795345,..,..
Barbados,BRB,Agricultural land (% of land area),AG.LND.AGRI.ZS,37.2093023255814,37.2093023255814,37.2093023255814,37.2093023255814,37.2093023255814,34.8837209302326,32.5581395348837,32.5581395348837,32.5581395348837,..,..
Belarus,BLR,Agricultural land (% of land area),AG.LND.AGRI.ZS,44.1206922052951,44.1498275012321,43.942828979793,43.9477575160177,44.014397002268,43.8541153277477,43.7386033216697,43.3492681484402,43.0042876151989,..,..
Belgium,BEL,Agricultural land (% of land area),AG.LND.AGRI.ZS,45.7397622192867,45.6406869220608,45.2113606340819,45.1783355350066,44.8480845442536,44.8150594451783,44.1215323645971,44.0224570673712,44.1380449141347,..,..
Belize,BLZ,Agricultural land (% of land area),AG.LND.AGRI.ZS,6.66374397194213,6.66374397194213,6.66374397194213,6.66374397194213,6.79526523454625,6.88294607628233,6.88294607628233,7.01446733888645,7.01446733888645,..,..
Benin,BEN,Agricultural land (% of land area),AG.LND.AGRI.ZS,31.2167435260731,29.5760908123448,29.6204327775807,30.5516140475346,29.7091167080525,30.5072720822987,31.3054274565449,32.8130542745655,33.2564739269244,..,..
Bermuda,BMU,Agricultural land (% of land area),AG.LND.AGRI.ZS,8,8,8,6,6,6,6,6,6,..,..
Bhutan,BTN,Agricultural land (% of land area),AG.LND.AGRI.ZS,15.5573628564682,15.1376026444893,14.7703124590078,13.6763124065378,13.6422068893145,13.6422068893145,13.631712884015,13.631712884015,13.631712884015,..,..
Bolivia,BOL,Agricultural land (% of land area),AG.LND.AGRI.ZS,34.119819071356,34.2176682359457,34.2933628727038,34.3847503000092,34.4696759900305,34.3284408751039,34.3644419828302,34.692144373673,34.773377642389,..,..
Bosnia and Herzegovina,BIH,Agricultural land (% of land area),AG.LND.AGRI.ZS,42.12890625,42.16796875,41.97265625,41.6015625,41.5625,41.875,42.01171875,42.109375,42.1484375,..,..
Botswana,BWA,Agricultural land (% of land area),AG.LND.AGRI.ZS,45.5975508619625,45.5296172780689,45.4960916132903,45.6672489545286,45.7325357754133,45.6319587810774,45.7466518447938,45.677836006564,45.6548973938207,..,..
Brazil,BRA,Agricultural land (% of land area),AG.LND.AGRI.ZS,32.5948835506464,32.6369263974999,32.4998145520415,32.7225913899504,32.7273771437186,32.7181645677148,32.9466843101456,32.9746809696894,33.3576728793727,..,..
British Virgin Islands,VGB,Agricultural land (% of land area),AG.LND.AGRI.ZS,46.6666666666667,46.6666666666667,46.6666666666667,46.6666666666667,46.6666666666667,46.6666666666667,46.6666666666667,46.6666666666667,46.6666666666667,..,..
Brunei Darussalam,BRN,Agricultural land (% of land area),AG.LND.AGRI.ZS,2.08728652751423,1.95445920303605,2.16318785578748,2.16318785578748,2.5426944971537,2.5426944971537,2.5426944971537,2.5426944971537,2.73244781783681,..,..
Bulgaria,BGR,Agricultural land (% of land area),AG.LND.AGRI.ZS,48.4628129602356,47.7768572217619,47.1043182027438,46.9662093729859,46.3338246131172,46.5364775239499,46.8680913780398,47.1904937361828,46.0114222549742,..,..
Burkina Faso,BFA,Agricultural land (% of land area),AG.LND.AGRI.ZS,40.0950292397661,39.3640350877193,40.0950292397661,44.1154970760234,43.0190058479532,44.1520467836257,43.0921052631579,44.2251461988304,44.9561403508772,..,..
Burundi,BDI,Agricultural land (% of land area),AG.LND.AGRI.ZS,70.8333333333333,69.4314641744548,67.4844236760125,69.4314641744548,71.3785046728972,71.3785046728972,73.3255451713396,75.2725856697819,79.1666666666667,..,..
Cabo Verde,CPV,Agricultural land (% of land area),AG.LND.AGRI.ZS,18.6104218362283,18.8585607940447,18.8585607940447,19.3548387096774,19.3548387096774,19.3548387096774,19.3548387096774,20.8436724565757,20.8436724565757,..,..
Cambodia,KHM,Agricultural land (% of land area),AG.LND.AGRI.ZS,30.3421708588262,30.9030138227963,30.9030138227963,31.4695218672105,31.4695218672105,32.0360299116247,32.0360299116247,32.602537956039,32.8574665760254,..,..
Cameroon,CMR,Agricultural land (% of land area),AG.LND.AGRI.ZS,19.4897505870407,19.4897505870407,19.4897505870407,19.5955236825961,19.7012967781515,20.5199805377504,20.6257536333058,20.6257536333058,20.6257536333058,..,..
Canada,CAN,Agricultural land (% of land area),AG.LND.AGRI.ZS,7.43046414420834,7.25286495533628,7.17901008521462,7.10515521509296,7.0314103135093,6.95755544338765,6.88370057326599,7.1860040842315,7.17555707312138,..,..
Caribbean small states,CSS,Agricultural land (% of land area),AG.LND.AGRI.ZS,6.22378658762505,6.22183524762258,6.20721254785723,6.17265653945906,6.21588242558972,6.20624922810918,6.20624922810918,6.19686303569223,6.22156354205261,..,..
Cayman Islands,CYM,Agricultural land (% of land area),AG.LND.AGRI.ZS,11.25,11.25,11.25,11.25,11.25,11.25,11.25,11.25,11.25,..,..
Central African Republic,CAF,Agricultural land (% of land area),AG.LND.AGRI.ZS,8.37105525056984,8.36302931073229,8.36302931073229,8.36302931073229,8.39513307008251,8.15435487495586,8.15435487495586,8.15435487495586,8.15435487495586,..,..
Central Europe and the Baltics,CEB,Agricultural land (% of land area),AG.LND.AGRI.ZS,49.4776513070954,49.3572661286229,48.361594929411,48.4912489994389,48.403110183269,47.5676444270556,47.7241976413309,47.3964485249893,47.3756864791128,..,..
Chad,TCD,Agricultural land (% of land area),AG.LND.AGRI.ZS,39.334498094028,39.294790343075,39.1764612452351,39.1764612452351,39.1796378653113,39.3384688691233,39.6561308767471,39.6561308767471,39.6561308767471,..,..
Channel Islands,CHI,Agricultural land (% of land area),AG.LND.AGRI.ZS,39.1752577319588,43.298969072165,42.2680412371134,41.7525773195876,45.360824742268,47.8947368421053,50.5263157894737,50,49.578947368421,..,..
Chile,CHL,Agricultural land (% of land area),AG.LND.AGRI.ZS,21.364245251045,21.2499260287385,21.1638503790018,21.2176476600873,21.2310969803586,21.1732649031918,21.1953217884368,21.2620035183422,21.2243723202229,..,..
China,CHN,Agricultural land (% of land area),AG.LND.AGRI.ZS,55.1151817857369,54.7636794799913,54.8100176872893,54.8079938724853,54.8084187711588,54.8080992214598,54.8084187711588,54.8084187711588,54.8084187711588,..,..
Colombia,COL,Agricultural land (% of land area),AG.LND.AGRI.ZS,38.3569175304191,38.011716989635,38.2478593961244,38.408292023434,38.3415953132041,38.3082469580892,37.603424966201,38.411536728256,40.392609283461,..,..
Comoros,COM,Agricultural land (% of land area),AG.LND.AGRI.ZS,71.4669532509404,71.4669532509404,71.4669532509404,71.4669532509404,71.4669532509404,71.4669532509404,71.4669532509404,71.4669532509404,71.4669532509404,..,..
"Congo, Dem. Rep.",ZAR,Agricultural land (% of land area),AG.LND.AGRI.ZS,11.2701528417988,11.286032509208,11.3142630290466,11.3363181226704,11.3561677069319,11.3649897443815,11.4862927593128,11.5568690589092,11.5568690589092,..,..
"Congo, Rep.",COG,Agricultural land (% of land area),AG.LND.AGRI.ZS,30.8843338213763,30.8931185944363,30.8931185944363,30.8931185944363,30.9311859443631,30.9692532942899,31.0278184480234,31.0453879941435,31.1185944363104,..,..
Costa Rica,CRI,Agricultural land (% of land area),AG.LND.AGRI.ZS,35.3505679592636,35.5464159811986,35.2526439482961,35.1155503329416,35.5660007833921,35.6247551899726,35.6247551899726,35.4876615746181,35.5855855855856,..,..
Cote d'Ivoire,CIV,Agricultural land (% of land area),AG.LND.AGRI.ZS,63.5220125786163,63.8364779874214,64.7798742138365,64.7798742138365,64.7798742138365,64.7798742138365,64.7798742138365,64.7798742138365,64.7798742138365,..,..
Croatia,HRV,Agricultural land (% of land area),AG.LND.AGRI.ZS,21.6404574696212,21.9799857040743,21.4796283059328,23.0360972122945,23.2237312365976,23.8348820586133,23.6972837741244,23.7848463187991,23.2648320228735,..,..
Cuba,CUB,Agricultural land (% of land area),AG.LND.AGRI.ZS,62.3543780533634,62.294465846096,62.1946636602781,61.6967305524239,61.1987974445697,60.6999248402856,60.2019917324314,60.1752952117916,59.5806442521771,..,..
Curacao,CUW,Agricultural land (% of land area),AG.LND.AGRI.ZS,..,..,..,..,..,..,..,..,..,..,..
Cyprus,CYP,Agricultural land (% of land area),AG.LND.AGRI.ZS,18.0735930735931,16.991341991342,15.9307359307359,12.5108225108225,13.8095238095238,12.3376623376623,12.5865800865801,12.5974025974026,11.7965367965368,..,..
Czech Republic,CZE,Agricultural land (% of land area),AG.LND.AGRI.ZS,55.1384933989128,55.0679611650485,55.0032362459547,54.9385113268608,54.873786407767,54.8161574313827,54.7514241325738,54.706720186456,54.6290301696232,..,..
Denmark,DNK,Agricultural land (% of land area),AG.LND.AGRI.ZS,63.7991986801791,63.8699033702569,62.7621965590384,62.880037709168,62.0787178882866,61.8901720480792,63.3985387697384,61.8430355880273,61.4895121376385,..,..
Djibouti,DJI,Agricultural land (% of land area),AG.LND.AGRI.ZS,73.3822260569456,73.3951682484901,73.4037963761864,73.3908541846419,73.3951682484901,73.4081104400345,73.4253666954271,73.4253666954271,73.4253666954271,..,..
Dominica,DMA,Agricultural land (% of land area),AG.LND.AGRI.ZS,29.3333333333333,29.3333333333333,29.3333333333333,29.3333333333333,30.6666666666667,33.3333333333333,33.3333333333333,33.3333333333333,33.3333333333333,..,..
Dominican Republic,DOM,Agricultural land (% of land area),AG.LND.AGRI.ZS,50.0206953642384,50.0206953642384,50.0206953642384,49.6067880794702,49.6067880794702,49.6067880794702,49.6067880794702,48.6754966887417,48.6754966887417,..,..
Early-demographic dividend,EAR,Agricultural land (% of land area),AG.LND.AGRI.ZS,40.9448290924428,41.0484592373797,41.2131418393488,41.2060953637202,41.266073809081,41.3809998707597,41.4403924214442,41.5255752428277,41.5651680780938,..,..
East Asia & Pacific,EAS,Agricultural land (% of land area),AG.LND.AGRI.ZS,49.984356957788,49.4646624139725,49.189545434255,48.9379809834711,48.7026874950716,48.3084071806904,48.8083388075749,48.6774381208424,48.3459354161775,..,..
East Asia & Pacific (excluding high income),EAP,Agricultural land (% of land area),AG.LND.AGRI.ZS,47.4017711629481,47.2725545981781,47.4426061238902,47.5809144891168,47.7355482327972,47.7966266562885,47.8718908724694,47.9451283526196,48.0027417470003,..,..
East Asia & Pacific (IDA & IBRD countries),TEA,Agricultural land (% of land area),AG.LND.AGRI.ZS,47.5987859866405,47.4685814470788,47.6399434137117,47.7761445966706,47.9306864799607,47.9915985855221,48.0706029501516,48.1444013934663,48.2024555776668,..,..
Ecuador,ECU,Agricultural land (% of land area),AG.LND.AGRI.ZS,30.1980995329361,29.9726203897568,29.8437751650829,29.9766468030279,30.3366081494605,30.1888387824126,29.5784345305202,30.2258817845064,30.2544693187309,..,..
"Egypt, Arab Rep.",EGY,Agricultural land (% of land area),AG.LND.AGRI.ZS,3.53910291827817,3.54914862624943,3.55417148023507,3.55818976342358,3.70586167060124,3.68777939625295,3.63654628559948,3.71289366618112,3.77819076799437,..,..
El Salvador,SLV,Agricultural land (% of land area),AG.LND.AGRI.ZS,75.530888030888,71.1389961389961,72.5868725868726,74.8069498069498,74.5656370656371,74.0830115830116,74.469111969112,75.8687258687259,76.3513513513514,..,..
Equatorial Guinea,GNQ,Agricultural land (% of land area),AG.LND.AGRI.ZS,11.5508021390374,11.1942959001783,11.1942959001783,11.0160427807487,10.4812834224599,10.4812834224599,10.1247771836007,10.1247771836007,10.1247771836007,..,..
Eritrea,ERI,Agricultural land (% of land area),AG.LND.AGRI.ZS,74.4752475247525,74.970297029703,74.970297029703,74.970297029703,75.1683168316832,75.1683168316832,75.1683168316832,75.1683168316832,75.1683168316832,..,..
Estonia,EST,Agricultural land (% of land area),AG.LND.AGRI.ZS,20.8067940552017,21.2078320358575,21.5616890776126,21.3965557914603,21.9627270582685,22.3873555083746,22.2929936305733,22.552488794527,22.7883934890304,..,..
Ethiopia,ETH,Agricultural land (% of land area),AG.LND.AGRI.ZS,33.591,34.219,35.077,34.513,34.985,35.683,36.3252,36.488,36.259,..,..
Euro area,EMU,Agricultural land (% of land area),AG.LND.AGRI.ZS,46.3207405537347,45.7815828066949,45.4031676067386,45.4491891819189,45.1521472635611,45.1188469400787,44.7194374968955,44.6054663329204,44.542554991129,..,..
Europe & Central Asia,ECS,Agricultural land (% of land area),AG.LND.AGRI.ZS,29.6571187756087,29.6774896745012,29.5340988955005,29.4949721121708,29.4244664584577,29.5607714800957,29.5095706590726,29.4847461255485,29.5566864749309,..,..
Europe & Central Asia (excluding high income),ECA,Agricultural land (% of land area),AG.LND.AGRI.ZS,28.0584273176001,28.1174169875928,28.024253540356,27.9626292613155,27.9314285016813,28.1748141145737,28.1474699245301,28.1412229127606,28.2407153899471,..,..
Europe & Central Asia (IDA & IBRD countries),TEC,Agricultural land (% of land area),AG.LND.AGRI.ZS,28.3622812189801,28.4221132928184,28.3078302896911,28.2568841441882,28.2274402411161,28.4175502673479,28.4047261158152,28.3879231606815,28.4794129876726,..,..
European Union,EUU,Agricultural land (% of land area),AG.LND.AGRI.ZS,45.6577382131584,45.4651689400523,44.9278253731625,45.0003609438895,44.69020067725,44.4038504796123,44.1882361041388,44.0248431904557,43.9719673690398,..,..
Faroe Islands,FRO,Agricultural land (% of land area),AG.LND.AGRI.ZS,2.14899713467049,2.14899713467049,2.14899713467049,2.14899713467049,2.14899713467049,2.14899713467049,2.14899713467049,2.14899713467049,2.14899713467049,..,..
Fiji,FJI,Agricultural land (% of land area),AG.LND.AGRI.ZS,23.4263820470717,23.4263820470717,23.3716475095785,23.4263820470717,23.4044882320744,23.2621784345922,23.2621784345922,23.2621784345922,23.2621784345922,..,..
Finland,FIN,Agricultural land (% of land area),AG.LND.AGRI.ZS,7.46511704258183,7.56568346979711,7.54677891413726,7.55643303718328,7.55676209279368,7.54162553471537,7.52443318305966,7.51949718648195,7.43196551383724,..,..
Fragile and conflict affected situations,FCS,Agricultural land (% of land area),AG.LND.AGRI.ZS,34.8099807392819,34.8994374687315,34.9882111427771,34.9907139444616,35.0134851351562,35.0695845856718,33.327314752233,33.6061031568579,33.3835166290222,..,..
France,FRA,Agricultural land (% of land area),AG.LND.AGRI.ZS,53.9877199775,53.6812673041661,53.4701473456596,53.0976683705989,52.9988658714983,52.7660134013445,52.7406096534242,52.6819660275293,52.549232317366,..,..
French Polynesia,PYF,Agricultural land (% of land area),AG.LND.AGRI.ZS,12.2950819672131,12.2950819672131,12.2950819672131,12.2950819672131,12.1584699453552,12.1584699453552,12.431693989071,12.431693989071,12.431693989071,..,..
Gabon,GAB,Agricultural land (% of land area),AG.LND.AGRI.ZS,20.0256141576435,20.0256141576435,20.0256141576435,20.0256141576435,20.0256141576435,20.0256141576435,20.0256141576435,20.0256141576435,20.0256141576435,..,..
"Gambia, The",GMB,Agricultural land (% of land area),AG.LND.AGRI.ZS,52.0750988142293,48.9130434782609,48.9130434782609,54.5454545454545,59.5849802371541,60.7707509881423,60.7707509881423,59.7826086956522,59.7826086956522,..,..
Georgia,GEO,Agricultural land (% of land area),AG.LND.AGRI.ZS,36.2642106777954,36.2354295582098,36.221038998417,36.1778673190387,36.1922578788315,35.6885882860843,35.5072672326953,35.4727298891927,36.7160742552885,..,..
Germany,DEU,Agricultural land (% of land area),AG.LND.AGRI.ZS,48.8330083725198,48.5948612066988,48.6133019760805,48.5356968706078,48.4380826711798,47.9100324181656,47.9659169153087,47.8108681930338,47.9055488609629,..,..
Ghana,GHA,Agricultural land (% of land area),AG.LND.AGRI.ZS,66.3619583369957,67.240924672585,67.6804078403797,68.5593741759691,68.5593741759691,68.647270809528,69.0867539773227,68.9988573437637,68.9988573437637,..,..
Gibraltar,GIB,Agricultural land (% of land area),AG.LND.AGRI.ZS,..,..,..,..,..,..,..,..,..,..,..
Greece,GRC,Agricultural land (% of land area),AG.LND.AGRI.ZS,64.8176881303336,64.1737781225756,64.010861132661,63.7238169123351,63.5065942591156,63.5686578743212,63.4600465477114,63.1962761830877,63.1264546159814,..,..
Greenland,GRL,Agricultural land (% of land area),AG.LND.AGRI.ZS,0.574735046899744,0.574735046899744,0.574735046899744,0.574735046899744,0.574735046899744,0.574735046899744,0.574735046899744,0.574735046899744,0.574735046899744,..,..
Grenada,GRD,Agricultural land (% of land area),AG.LND.AGRI.ZS,29.4117647058824,29.4117647058824,29.4117647058824,29.4117647058824,32.3529411764706,32.3529411764706,32.3529411764706,32.3529411764706,32.3529411764706,..,..
Guam,GUM,Agricultural land (% of land area),AG.LND.AGRI.ZS,37.037037037037,37.037037037037,35.1851851851852,35.1851851851852,33.3333333333333,33.3333333333333,33.3333333333333,33.3333333333333,33.3333333333333,..,..
Guatemala,GTM,Agricultural land (% of land area),AG.LND.AGRI.ZS,42.5718551698395,40.126913027249,41.190742814483,38.615154908548,37.7336692795819,36.9734975737215,36.3066442702501,35.5464725643897,34.720977976857,..,..
Guinea,GIN,Agricultural land (% of land area),AG.LND.AGRI.ZS,57.4678495848934,57.5044766400781,57.7079602799935,57.9521406478919,57.992837375875,58.1963210157903,58.1963210157903,58.603288295621,59.0102555754517,..,..
Guinea-Bissau,GNB,Agricultural land (% of land area),AG.LND.AGRI.ZS,57.2546230440967,57.2546230440967,57.2546230440967,57.2546230440967,57.2546230440967,57.9658605974395,57.9658605974395,57.9658605974395,57.9658605974395,..,..
Guyana,GUY,Agricultural land (% of land area),AG.LND.AGRI.ZS,8.5242570485141,8.5242570485141,8.5242570485141,8.5242570485141,8.5242570485141,8.5242570485141,8.5242570485141,8.5242570485141,8.5242570485141,..,..
Haiti,HTI,Agricultural land (% of land area),AG.LND.AGRI.ZS,60.5950653120465,60.5950653120465,66.0377358490566,64.2235123367199,65.1788824383164,67.8519593613933,66.4005805515239,64.2235123367199,66.7634252539913,..,..
Heavily indebted poor countries (HIPC),HPC,Agricultural land (% of land area),AG.LND.AGRI.ZS,39.761974151735,39.8491299480743,40.013352353451,40.2518236851493,40.36821888788,40.4969270087961,39.2575586493319,39.6321215527215,39.4314548809957,..,..
High income,HIC,Agricultural land (% of land area),AG.LND.AGRI.ZS,37.9156653590888,37.4678435473202,37.2266209048632,37.0089909174447,36.6218254780376,36.1933235119694,36.3610345354929,36.4071084658132,36.0481033568297,..,..
Honduras,HND,Agricultural land (% of land area),AG.LND.AGRI.ZS,28.1526499240325,28.2420234158549,28.2420234158549,28.4565197962284,28.5816426847797,28.8676378586111,28.8676378586111,28.9123246045223,28.9123246045223,..,..
"Hong Kong SAR, China",HKG,Agricultural land (% of land area),AG.LND.AGRI.ZS,6.66666666666667,5.71428571428571,5.71428571428571,5.71428571428571,5.71428571428571,5.23809523809524,5.23809523809524,4.85714285714286,4.85714285714286,..,..
Hungary,HUN,Agricultural land (% of land area),AG.LND.AGRI.ZS,65.4279656288361,64.8253543131347,64.8030353755161,64.6133244057583,63.8793770020987,59.0191096873964,58.9528333149232,58.9638793770021,58.9859715011598,..,..
IBRD only,IBD,Agricultural land (% of land area),AG.LND.AGRI.ZS,36.2606958659738,36.2495856418491,36.282527408608,36.3052287360985,36.3462219143872,36.4605009329301,36.5130630831045,36.5636931871135,36.7097807519456,..,..
Iceland,ISL,Agricultural land (% of land area),AG.LND.AGRI.ZS,18.7730673316708,18.7630922693267,18.713216957606,18.713216957606,18.7032418952618,18.6932668329177,18.6852867830424,18.6753117206983,18.6753117206983,..,..
IDA & IBRD total,IBT,Agricultural land (% of land area),AG.LND.AGRI.ZS,38.0387029180722,38.0711218870176,38.1344836858486,38.1907549465392,38.2003678922766,38.3277647609502,38.130861076322,38.2572691431914,38.3092274259158,..,..
IDA blend,IDB,Agricultural land (% of land area),AG.LND.AGRI.ZS,49.5688908621743,49.8364126843178,49.8505382819815,49.7217960609511,49.0979692255392,49.3393899874715,49.6346079171215,49.8296128924486,49.7022776826952,..,..
IDA only,IDX,Agricultural land (% of land area),AG.LND.AGRI.ZS,40.0752332200917,40.1815521760525,40.3597438057458,40.588136729384,40.7027962210614,40.8357059010961,39.6582590648484,40.0108037834728,39.8127773518536,..,..
IDA total,IDA,Agricultural land (% of land area),AG.LND.AGRI.ZS,42.4242676499617,42.5704638214727,42.7071296094113,42.8481001643582,42.7800349498706,42.9397334072757,42.1266357464087,42.4402165426492,42.259692005912,..,..
India,IND,Agricultural land (% of land area),AG.LND.AGRI.ZS,60.5834137744308,60.5094191760365,60.4132261981239,60.4593046525785,60.5639061075814,60.3974182611942,60.4300431523044,60.4206256579633,60.6352099933069,..,..
Indonesia,IDN,Agricultural land (% of land area),AG.LND.AGRI.ZS,28.6193743548414,28.4283798031542,29.256390865382,29.8083982402005,30.6916100399101,30.6916100399101,31.1884166772468,31.1884166772468,31.4644203646561,..,..
"Iran, Islamic Rep.",IRN,Agricultural land (% of land area),AG.LND.AGRI.ZS,29.2474900985539,29.3831936385128,29.5188971784716,28.6666052623499,28.5972183844524,28.5339719382273,28.4664271898314,28.4056369162752,28.344846642719,..,..
Iraq,IRQ,Agricultural land (% of land area),AG.LND.AGRI.ZS,21.4692365731532,20.5546791046482,20.8976381553376,18.7255641676384,18.0742309817646,18.9261374102045,19.6398968502487,19.7285411678025,21.2516117148646,..,..
Ireland,IRL,Agricultural land (% of land area),AG.LND.AGRI.ZS,62.4473798809697,61.837712294963,62.0699666134417,60.9682101901582,60.8070837567136,66.3086079256786,66.1199012919147,65.8005516040064,64.9876614893308,..,..
Isle of Man,IMY,Agricultural land (% of land area),AG.LND.AGRI.ZS,80.8771929824561,74.2105263157895,74.0350877192982,77.719298245614,76.1228070175439,76.1052631578947,74.6842105263158,67.3684210526316,68.0701754385965,..,..
Israel,ISR,Agricultural land (% of land area),AG.LND.AGRI.ZS,23.775415896488,23.5120147874307,23.9417744916821,23.826247689464,24.1497227356747,23.3133086876155,23.8909426987061,24.3160813308688,24.043438077634,..,..
Italy,ITA,Agricultural land (% of land area),AG.LND.AGRI.ZS,50.0985925069695,48.286530223703,48.1471408172979,49.1507445434147,47.5365472224111,48.7108179778337,47.0952607601822,46.6750526959951,46.338478275651,..,..
Jamaica,JAM,Agricultural land (% of land area),AG.LND.AGRI.ZS,43.1209602954755,43.1209602954755,42.8439519852262,41.4589104339797,41.4589104339797,40.9972299168975,40.9972299168975,40.9972299168975,40.9972299168975,..,..
Japan,JPN,Agricultural land (% of land area),AG.LND.AGRI.ZS,12.8724279835391,12.8148148148148,12.7572016460905,12.6968449931413,12.6447187928669,12.5990947743794,12.5111437231693,12.4780557384244,12.445139346061,..,..
Jordan,JOR,Agricultural land (% of land area),AG.LND.AGRI.ZS,11.4800543970988,11.5367180417044,10.9168177697189,11.0210788757933,11.5453931065555,11.2897048884884,11.2930840279342,11.769542689795,11.901329128182,..,..
Kazakhstan,KAZ,Agricultural land (% of land area),AG.LND.AGRI.ZS,78.6331814646072,78.481497944216,78.3181835018706,78.1017890876764,78.0765640626736,80.4392339889617,80.3750416712968,80.3837833833389,80.3771159758492,..,..
Kenya,KEN,Agricultural land (% of land area),AG.LND.AGRI.ZS,47.4435112626067,47.5348771831184,47.5629897740451,47.5893453280388,47.9407527146221,48.0022490072741,48.5469304564782,48.7226341497698,48.5469304564782,..,..
Kiribati,KIR,Agricultural land (% of land area),AG.LND.AGRI.ZS,41.9753086419753,41.9753086419753,41.9753086419753,41.9753086419753,41.9753086419753,41.9753086419753,41.9753086419753,41.9753086419753,41.9753086419753,..,..
"Korea, Dem. People’s Rep.",PRK,Agricultural land (% of land area),AG.LND.AGRI.ZS,21.5928909559007,21.5928909559007,21.5928909559007,22.0081388588988,22.174238020098,22.2572876006976,21.8420396976995,21.8420396976995,21.8420396976995,..,..
"Korea, Rep.",KOR,Agricultural land (% of land area),AG.LND.AGRI.ZS,19.4217862674239,19.1783649876135,18.9847296739579,18.7261671647944,18.486096807415,18.2351126195619,18.0612979533066,18.366718027735,18.1468409496645,..,..
Kosovo,KSV,Agricultural land (% of land area),AG.LND.AGRI.ZS,..,..,52.3560209424084,..,..,..,..,..,..,..,..
Kuwait,KWT,Agricultural land (% of land area),AG.LND.AGRI.ZS,8.41750841750842,8.41750841750842,8.47362514029181,8.47362514029181,8.5016835016835,8.5297418630752,8.55780022446689,8.5297418630752,8.61952861952862,..,..
Kyrgyz Republic,KGZ,Agricultural land (% of land area),AG.LND.AGRI.ZS,56.021897810219,55.9494264859228,55.9363920750782,55.9290928050052,55.3561001042753,55.3279457768509,55.3102189781022,55.2205422314911,55.1918665276329,..,..
Lao PDR,LAO,Agricultural land (% of land area),AG.LND.AGRI.ZS,8.60051993067591,8.7738301559792,8.93847487001733,9.11611785095321,9.39341421143848,9.61871750433276,9.86351819757366,9.96100519930676,10.1169844020797,..,..
Late-demographic dividend,LTE,Agricultural land (% of land area),AG.LND.AGRI.ZS,35.1008713071733,35.0764518503075,35.0289409001317,35.0825620787829,35.0856844249976,35.2020206330029,35.250601333298,35.2771396315497,35.4602587418484,..,..
Latin America & Caribbean,LCN,Agricultural land (% of land area),AG.LND.AGRI.ZS,36.4941339522431,36.6475063533955,36.7832370037376,36.9153649106528,36.922339022363,37.0813010677671,37.1837122831886,37.3117822716932,37.5883794994838,..,..
Latin America & Caribbean (excluding high income),LAC,Agricultural land (% of land area),AG.LND.AGRI.ZS,36.6760474871306,36.8490638463444,37.0027650203973,37.132762873317,37.1320176793728,37.321018344444,37.4227768555225,37.5700142895977,37.8547609832136,..,..
Latin America & the Caribbean (IDA & IBRD countries),TLA,Agricultural land (% of land area),AG.LND.AGRI.ZS,36.3822348518669,36.5373300373684,36.6747473917629,36.8103032082228,36.8198027261914,36.9824249125298,37.0881740266296,37.2171218102645,37.4986253142444,..,..
Latvia,LVA,Agricultural land (% of land area),AG.LND.AGRI.ZS,27.8796064055566,29.8250691362789,29.5678178661007,29.3427230046948,29.4789321325185,29.0006426735219,29.1961414790997,29.60759086523,30.0369834378517,..,..
Least developed countries: UN classification,LDC,Agricultural land (% of land area),AG.LND.AGRI.ZS,39.7776621605365,39.8716103544791,40.0336293417569,40.2667991265345,40.4084454017827,40.5449301544005,39.3393754655179,39.6968926280388,39.5099249024934,..,..
Lebanon,LBN,Agricultural land (% of land area),AG.LND.AGRI.ZS,63.8318670576735,66.3734115347019,66.1876832844575,64.8093841642229,64.8093841642229,62.5610948191593,63.6363636363636,64.3206256109482,64.3206256109482,..,..
Lesotho,LSO,Agricultural land (% of land area),AG.LND.AGRI.ZS,76.6469038208169,75.9881422924901,76.7127799736495,77.7997364953887,77.0421607378129,76.6139657444005,76.1528326745718,75.2733860342556,74.1798418972332,..,..
Liberia,LBR,Agricultural land (% of land area),AG.LND.AGRI.ZS,27.1490863787375,27.1490863787375,27.1490863787375,27.3048172757475,27.5124584717608,27.6162790697674,28.0834717607973,28.1353820598007,28.031561461794,..,..
Libya,LBY,Agricultural land (% of land area),AG.LND.AGRI.ZS,8.74376257430919,8.74376257430919,8.74376257430919,8.74376257430919,8.74376257430919,8.72443934210078,8.72443934210078,8.72671266353706,8.72671266353706,..,..
Liechtenstein,LIE,Agricultural land (% of land area),AG.LND.AGRI.ZS,43.125,42.5,42.5,42.5,40.625,39.375,37.5,37.5,35,..,..
Lithuania,LTU,Agricultural land (% of land area),AG.LND.AGRI.ZS,45.2616464582004,44.5229738353542,43.0105296745373,42.6342241723175,42.9038691663343,44.2329477463103,44.7697609854166,45.3489485273,46.1332269644994,..,..
Low & middle income,LMY,Agricultural land (% of land area),AG.LND.AGRI.ZS,38.0576892501104,38.091917011655,38.1634940635628,38.2162735340388,38.2232117518945,38.367515359485,38.1628856954977,38.2958676315301,38.3481947240358,..,..
Low income,LIC,Agricultural land (% of land area),AG.LND.AGRI.ZS,38.0012989816871,38.036621538599,38.1980055526946,38.5345376153545,38.6866347548521,38.8541933428143,39.0656427904018,39.2593707947921,39.2517168861581,..,..
Lower middle income,LMC,Agricultural land (% of land area),AG.LND.AGRI.ZS,46.6147864467559,46.7522243342519,46.8968835760543,46.9303548870934,46.8394407762468,46.9191594491149,45.8099756721994,46.1034128801106,45.9312006476307,..,..
Luxembourg,LUX,Agricultural land (% of land area),AG.LND.AGRI.ZS,49.8069498069498,49.8069498069498,50.5791505791506,50.5791505791506,50.4633204633205,50.5945945945946,50.6833976833977,50.7413127413127,50.5328185328185,..,..
"Macao SAR, China",MAC,Agricultural land (% of land area),AG.LND.AGRI.ZS,..,..,..,..,..,..,..,..,..,..,..
"Macedonia, FYR",MKD,Agricultural land (% of land area),AG.LND.AGRI.ZS,48.2894219425875,48.1321274085726,42.6476416963932,42.1323820848197,40.1665344964314,44.3695479777954,44.3298969072165,50.2379064234734,49.9603489294211,..,..
Madagascar,MDG,Agricultural land (% of land area),AG.LND.AGRI.ZS,70.3184647659662,70.3184647659662,70.3184647659662,70.6658183443959,71.1816899955291,71.1816899955291,71.1676793372236,71.1848675220653,71.1842557579924,..,..
Malawi,MWI,Agricultural land (% of land area),AG.LND.AGRI.ZS,54.9427238014425,56.0564276622826,52.874416631311,57.6474331777683,58.1777683495969,60.2991090369113,59.2384386932541,60.8294442087399,61.4128128977514,..,..
Malaysia,MYS,Agricultural land (% of land area),AG.LND.AGRI.ZS,21.7397656368894,21.6457160249582,21.9616496728047,21.9172119920864,22.2279713894384,22.7240907015675,23.1897732460813,23.5428397504185,23.8593821336174,..,..
Maldives,MDV,Agricultural land (% of land area),AG.LND.AGRI.ZS,30,26.6666666666667,23.3333333333333,26.6666666666667,26.6666666666667,26.3333333333333,26.3333333333333,26.3333333333333,26.3333333333333,..,..
Mali,MLI,Agricultural land (% of land area),AG.LND.AGRI.ZS,33.103041329629,33.1636876224195,33.2710479515485,33.2333489046788,33.6385317040789,33.643121153263,34.1348478515641,34.1348478515641,33.7660528278383,..,..
Malta,MLT,Agricultural land (% of land area),AG.LND.AGRI.ZS,29.0625,28.75,29.0625,29.0625,29.0625,32.28125,32.28125,32.1875,31.96875,..,..
Marshall Islands,MHL,Agricultural land (% of land area),AG.LND.AGRI.ZS,72.2222222222222,72.2222222222222,72.2222222222222,72.2222222222222,72.2222222222222,72.2222222222222,72.2222222222222,66.6666666666667,63.8888888888889,..,..
Mauritania,MRT,Agricultural land (% of land area),AG.LND.AGRI.ZS,38.4796740079558,38.4796740079558,38.4796740079558,38.4796740079558,38.4699718637819,38.5281847288251,38.4796740079558,38.4796740079558,38.5281847288251,..,..
Mauritius,MUS,Agricultural land (% of land area),AG.LND.AGRI.ZS,47.2906403940887,46.3054187192118,45.320197044335,44.8275862068966,44.8275862068966,44.8275862068966,43.8423645320197,42.8571428571429,42.3645320197044,..,..
Mexico,MEX,Agricultural land (% of land area),AG.LND.AGRI.ZS,54.8213688623679,54.8213688623679,54.8882430103655,54.8908150929808,54.8908150929808,54.8908150929808,54.8908150929808,54.8908150929808,54.8908150929808,..,..
"Micronesia, Fed. Sts.",FSM,Agricultural land (% of land area),AG.LND.AGRI.ZS,32.1428571428571,32.1428571428571,32.1428571428571,32.1428571428571,31.4285714285714,31.4285714285714,31.4285714285714,31.4285714285714,31.4285714285714,..,..
Middle East & North Africa,MEA,Agricultural land (% of land area),AG.LND.AGRI.ZS,33.3253992547008,33.3118966054189,33.3498005075401,33.1370544012429,33.0877801926305,33.1263823854941,33.1450068115774,33.1703939651229,33.2265677704383,..,..
Middle East & North Africa (excluding high income),MNA,Agricultural land (% of land area),AG.LND.AGRI.ZS,22.9113601865906,22.9017374745187,22.9502324844191,22.6844285765521,22.6495067746161,22.7044335944507,22.7294652166919,22.7680240988674,22.8476612271397,..,..
Middle East & North Africa (IDA & IBRD countries),TMN,Agricultural land (% of land area),AG.LND.AGRI.ZS,22.8852098408104,22.8762868217413,22.9253019078282,22.6596947984213,22.6306360349552,22.6914957064522,22.7151435139345,22.7536713742248,22.8332482151232,..,..
Middle income,MIC,Agricultural land (% of land area),AG.LND.AGRI.ZS,38.0669846596763,38.1010210268717,38.1578127283672,38.1638726884334,38.1469087472753,38.2873791639728,38.0142355492623,38.1372143630971,38.1994179769155,..,..
Moldova,MDA,Agricultural land (% of land area),AG.LND.AGRI.ZS,75.9805411979325,75.4940711462451,75.554879902706,75.4332623897841,75.1596229857099,75.0380517503805,74.9467275494673,74.8630553864881,74.8479318734793,..,..
Monaco,MCO,Agricultural land (% of land area),AG.LND.AGRI.ZS,..,..,..,..,..,..,..,..,..,..,..
Mongolia,MNG,Agricultural land (% of land area),AG.LND.AGRI.ZS,73.0254383480522,73.5394835088442,73.5137361930019,73.4725404876542,73.171296892299,73.1146527974459,73.0625144828652,72.9909369448235,72.9356445840521,..,..
Montenegro,MNE,Agricultural land (% of land area),AG.LND.AGRI.ZS,..,38.2899628252788,38.2156133828996,38.1412639405204,38.2156133828996,38.0669144981413,38.1412639405204,38.1412639405204,16.5895910780669,..,..
Morocco,MAR,Agricultural land (% of land area),AG.LND.AGRI.ZS,67.1947120770782,67.0983643289267,67.1297333632086,67.1767869146314,67.2251848532377,67.1931436253641,67.4519381581896,68.1223392336993,68.1178579430876,..,..
Mozambique,MOZ,Agricultural land (% of land area),AG.LND.AGRI.ZS,62.6287545461482,62.5015895622981,62.8830845138483,63.1374144815484,63.2900124621684,63.5189094330985,63.5189094330985,63.5189094330985,63.5189094330985,..,..
Myanmar,MMR,Agricultural land (% of land area),AG.LND.AGRI.ZS,17.2385820986899,17.7467978637122,18.337617823479,18.7919976733863,19.04331853666,19.1746012307504,19.2227035466638,19.2130444767664,19.2732896429228,..,..
Namibia,NAM,Agricultural land (% of land area),AG.LND.AGRI.ZS,47.1522792697591,47.1522792697591,47.1377036038334,47.1377036038334,47.1377036038334,47.1389182426605,47.1389182426605,47.1389182426605,47.1389182426605,..,..
Nauru,NRU,Agricultural land (% of land area),AG.LND.AGRI.ZS,20,20,20,20,20,20,20,20,20,..,..
Nepal,NPL,Agricultural land (% of land area),AG.LND.AGRI.ZS,29.3128705964423,29.1942797349145,29.0617370073247,28.9640739448901,28.8803627485176,28.782699686083,28.7868852459016,28.7478200209278,28.7478200209278,..,..
Netherlands,NLD,Agricultural land (% of land area),AG.LND.AGRI.ZS,57.396327014218,56.8601895734597,56.7061611374408,57.1475118483412,56.8455380966499,55.5084494515268,55.1126927639383,54.6174377224199,54.8737748737749,..,..
New Caledonia,NCL,Agricultural land (% of land area),AG.LND.AGRI.ZS,12.5875273522976,12.2866520787746,11.9310722100656,11.5207877461707,11.2472647702407,10.8643326039387,10.410284463895,10.082056892779,10.0765864332604,..,..
New Zealand,NZL,Agricultural land (% of land area),AG.LND.AGRI.ZS,44.4798906232198,43.2000303824389,43.625384527743,43.1962325775702,43.6367779423493,43.3253579431089,43.1848391629638,42.571113896168,42.1784208727356,..,..
Nicaragua,NIC,Agricultural land (% of land area),AG.LND.AGRI.ZS,44.0917400698022,43.2109024430779,43.0862556091075,42.5461193285691,42.4214724945986,41.7649991690211,42.1381086920392,42.4048529167359,42.0890809373442,..,..
Niger,NER,Agricultural land (% of land area),AG.LND.AGRI.ZS,33.918844240941,33.9377911107602,34.5638272677035,34.5638272677035,34.5638272677035,34.7217178495303,35.1164443040973,35.3532801768375,35.3532801768375,..,..
Nigeria,NGA,Agricultural land (% of land area),AG.LND.AGRI.ZS,79.8225677174259,80.4813509448049,80.9205397630576,79.8225677174259,75.7600711485886,76.8580431942203,77.956015239852,79.0539872854837,77.7364208307256,..,..
North America,NAC,Agricultural land (% of land area),AG.LND.AGRI.ZS,26.258055115505,26.0288527061463,26.1916093140252,26.2005495318782,25.980029581744,25.8590876148102,25.6163100886027,25.9883405387211,25.8038932118779,..,..
Northern Mariana Islands,MNP,Agricultural land (% of land area),AG.LND.AGRI.ZS,6.52173913043478,6.52173913043478,6.52173913043478,6.52173913043478,6.52173913043478,6.52173913043478,6.52173913043478,6.52173913043478,6.52173913043478,..,..
Norway,NOR,Agricultural land (% of land area),AG.LND.AGRI.ZS,2.83645224438391,2.83371435611713,2.82550069131679,2.80578789579597,2.77728647893879,2.75431559638051,2.73515037851305,2.71817547125902,2.70287067584772,..,..
Not classified,INX,Agricultural land (% of land area),AG.LND.AGRI.ZS,..,..,..,..,..,..,..,..,..,..,..
OECD members,OED,Agricultural land (% of land area),AG.LND.AGRI.ZS,37.2281536328534,36.7579141044333,36.4957253360597,36.2609054862029,35.8634023468937,35.438515065157,35.5846940418251,35.6457396159965,35.2774879260473,..,..
Oman,OMN,Agricultural land (% of land area),AG.LND.AGRI.ZS,4.73344103392569,4.72697899838449,4.73344103392569,4.73990306946688,4.76252019386107,4.75799676898223,4.76898222940226,4.75864297253635,4.74474959612278,..,..
Other small states,OSS,Agricultural land (% of land area),AG.LND.AGRI.ZS,40.602103480618,40.5317583585384,40.5138061583069,40.5679131018005,40.6086774104273,40.5871522135224,40.6048539792831,40.5805955361381,40.4150434603189,..,..
Pacific island small states,PSS,Agricultural land (% of land area),AG.LND.AGRI.ZS,13.2180685358255,13.2990654205607,13.3052959501558,13.3286604361371,13.3598130841121,13.4143302180685,13.4143302180685,13.4143302180685,13.4065420560748,..,..
Pakistan,PAK,Agricultural land (% of land area),AG.LND.AGRI.ZS,46.6544728102947,46.875,46.7167393109174,45.8086861768369,45.7619863013699,45.7165836446658,46.6168534661685,46.781600249066,47.063096720631,..,..
Palau,PLW,Agricultural land (% of land area),AG.LND.AGRI.ZS,10.8695652173913,10.8695652173913,10.8695652173913,10.8695652173913,10.8695652173913,10.8695652173913,10.8695652173913,10.8695652173913,10.8695652173913,..,..
Panama,PAN,Agricultural land (% of land area),AG.LND.AGRI.ZS,29.9973096583266,29.9219800914716,30.0215227333871,29.986548291633,30.0188323917137,30.4868173258004,30.4412160344364,30.3605057842346,30.3605057842346,..,..
Papua New Guinea,PNG,Agricultural land (% of land area),AG.LND.AGRI.ZS,2.27443359978801,2.29651547939761,2.29651547939761,2.62774367354149,2.62774367354149,2.62774367354149,2.62774367354149,2.62774367354149,2.62774367354149,..,..
Paraguay,PRY,Agricultural land (% of land area),AG.LND.AGRI.ZS,50.1887742260257,50.9312861817267,51.6737981374276,52.4465139692927,53.1084822552228,53.4356909136673,53.838409262522,54.1152781273597,54.3292222501888,..,..
Peru,PER,Agricultural land (% of land area),AG.LND.AGRI.ZS,18.153125,18.290625,18.4125,18.52734375,18.7078125,18.76796875,18.83125,19.0046875,19.0109375,..,..
Philippines,PHL,Agricultural land (% of land area),AG.LND.AGRI.ZS,38.082302042459,38.8369051212396,39.5412013281014,40.2790354495757,40.580876681088,40.580876681088,41.1174833148875,41.6876278632995,41.7211657779119,..,..
Poland,POL,Agricultural land (% of land area),AG.LND.AGRI.ZS,51.9243952600137,52.0925829198224,50.49947767041,50.9337251061051,50.9958208175526,47.1757868616952,48.2611109296934,47.4462804519626,47.059207733255,..,..
Portugal,PRT,Agricultural land (% of land area),AG.LND.AGRI.ZS,41.7732589920192,41.1501038591888,39.9147261397179,41.0462446703837,40.7227863303854,40.1463041816792,40.0371219565455,39.9388579539251,39.7598253275109,..,..
Post-demographic dividend,PST,Agricultural land (% of land area),AG.LND.AGRI.ZS,36.8119250362692,36.3154602135019,36.0645318676125,35.8171645563039,35.3845291675051,34.9457716477114,35.1192574111362,35.1870595892667,34.7810521648556,..,..
Pre-demographic dividend,PRE,Agricultural land (% of land area),AG.LND.AGRI.ZS,42.3229613066218,42.3777823759096,42.5127805172363,42.6679630026581,42.5978214948493,42.768896088726,41.6247723962172,42.025194383722,41.8107487474543,..,..
Puerto Rico,PRI,Agricultural land (% of land area),AG.LND.AGRI.ZS,22.6606538895152,21.9729425028185,21.3077790304397,21.4881623449831,21.6685456595265,21.8376550169109,22.0180383314543,22.1871476888388,22.2886133032694,..,..
Qatar,QAT,Agricultural land (% of land area),AG.LND.AGRI.ZS,5.5297157622739,5.65030146425495,5.65030146425495,5.95865633074935,5.60723514211886,5.72782084409991,5.60120585701981,5.72954349698536,5.82342807924203,..,..
Romania,ROM,Agricultural land (% of land area),AG.LND.AGRI.ZS,61.6575354378642,61.0444386468388,59.2892252816564,59.3040452370596,59.2062940102582,61.5344490328189,60.7464048312117,59.7035040431267,60.4486371342868,..,..
Russian Federation,RUS,Agricultural land (% of land area),AG.LND.AGRI.ZS,13.1661598924145,13.1573709193088,13.1558444571717,13.1584362579663,13.1557495418844,13.0642790716419,13.1069001585773,13.0885816398372,13.2406253453804,..,..
Rwanda,RWA,Agricultural land (% of land area),AG.LND.AGRI.ZS,72.2699635184435,73.0826915281719,73.1609241994325,73.2646939602756,73.3226591001216,73.1220105391163,73.6295095257398,73.6007296311309,74.6858532630726,..,..
Samoa,WSM,Agricultural land (% of land area),AG.LND.AGRI.ZS,14.8409893992933,14.2049469964664,13.6042402826855,13.0742049469965,12.3321554770318,12.3674911660777,12.3674911660777,12.3674911660777,12.3674911660777,..,..
San Marino,SMR,Agricultural land (% of land area),AG.LND.AGRI.ZS,16.6666666666667,16.6666666666667,16.6666666666667,16.6666666666667,16.6666666666667,16.6666666666667,16.6666666666667,16.6666666666667,16.6666666666667,..,..
Sao Tome and Principe,STP,Agricultural land (% of land area),AG.LND.AGRI.ZS,51.0416666666667,51.0416666666667,51.5625,51.0416666666667,51.0416666666667,50.5208333333333,50.7291666666667,50.7291666666667,50.7291666666667,..,..
Saudi Arabia,SAU,Agricultural land (% of land area),AG.LND.AGRI.ZS,80.8102563625453,80.7902534784085,80.7907186617605,80.7428047765027,80.6790746572762,80.6655843400676,80.6572110397313,80.6372081555945,80.6139489879936,..,..
Senegal,SEN,Agricultural land (% of land area),AG.LND.AGRI.ZS,45.5825066223446,44.0866358489586,44.4242455721186,48.4340102841116,49.5403313769283,49.3845115047006,46.8238716044253,46.8238716044253,46.3200540175557,..,..
Serbia,SRB,Agricultural land (% of land area),AG.LND.AGRI.ZS,..,57.9236222273039,57.7749828493025,57.8092842442259,57.7978504459181,57.7406814543792,57.8664532357649,57.7635490509947,57.9579236222273,..,..
Seychelles,SYC,Agricultural land (% of land area),AG.LND.AGRI.ZS,8.69565217391304,8.69565217391304,6.52173913043478,6.52173913043478,6.30434782608696,5.43478260869565,3.08695652173913,3.08695652173913,3.25274725274725,..,..
Sierra Leone,SLE,Agricultural land (% of land area),AG.LND.AGRI.ZS,52.8126904959823,55.8309781102799,50.2039346079246,51.430174563591,52.6596009975062,54.4524799113328,55.6612635078969,53.1539207536714,54.7055971183153,..,..
Singapore,SGP,Agricultural land (% of land area),AG.LND.AGRI.ZS,1.10304789550073,1.0806916426513,1.15107913669065,1,1,1.05413105413105,1.03693181818182,1.03399433427762,0.947666195190948,..,..
Sint Maarten (Dutch part),SXM,Agricultural land (% of land area),AG.LND.AGRI.ZS,..,..,..,..,..,..,..,..,..,..,..
Slovak Republic,SVK,Agricultural land (% of land area),AG.LND.AGRI.ZS,40.3534303534304,40.3118503118503,40.1247401247401,40.2702702702703,40.1330838012061,40.4379197770893,40.1285143902845,40.0806854100815,40.1035601397438,..,..
Slovenia,SVN,Agricultural land (% of land area),AG.LND.AGRI.ZS,25.2730883813307,24.3793445878848,24.7269116186693,24.428997020854,23.2373386295928,23.9970208540218,22.7656405163853,23.8182720953327,23.7388282025819,..,..
Small states,SST,Agricultural land (% of land area),AG.LND.AGRI.ZS,34.2970496460975,34.2755931845385,34.2588263249989,34.2978092191693,34.3387253435146,34.3210841084108,34.3354768767339,34.3142576201376,34.1835573354647,..,..
Solomon Islands,SLB,Agricultural land (% of land area),AG.LND.AGRI.ZS,3.17970703822794,3.35834226509468,3.35834226509468,3.46552340121472,3.60843158270811,3.8227938549482,3.8227938549482,3.85852090032154,3.85852090032154,..,..
Somalia,SOM,Agricultural land (% of land area),AG.LND.AGRI.ZS,70.7383555966462,70.4052029202665,70.1820384480505,70.3414416424905,70.3414416424905,70.3414416424905,70.1820384480505,70.1772563522173,70.3366595466573,..,..
South Africa,ZAF,Agricultural land (% of land area),AG.LND.AGRI.ZS,80.359247871139,79.8687648896619,79.8704135719526,80.0501199416366,79.9511990041959,79.871237913098,79.4450535409574,79.830020855831,79.830020855831,..,..
South Asia,SAS,Agricultural land (% of land area),AG.LND.AGRI.ZS,56.7162596349173,56.6774883859152,56.5714437805363,56.4822279929675,56.5177927548901,56.4257686714476,56.5909551496287,56.6004698237082,56.7876196905132,..,..
South Asia (IDA & IBRD),TSA,Agricultural land (% of land area),AG.LND.AGRI.ZS,56.7162596349173,56.6774883859152,56.5714437805363,56.4822279929675,56.5177927548901,56.4257686714476,56.5909551496287,56.6004698237082,56.7876196905132,..,..
South Sudan,SSD,Agricultural land (% of land area),AG.LND.AGRI.ZS,..,..,..,..,..,..,..,..,..,..,..
Spain,ESP,Agricultural land (% of land area),AG.LND.AGRI.ZS,58.4343505179427,57.3429796785442,56.1078720121817,56.4194065757819,56.0903220631292,55.0888982220356,54.0409698327599,53.8613782211471,53.8613782211471,..,..
Sri Lanka,LKA,Agricultural land (% of land area),AG.LND.AGRI.ZS,40.0255142720459,38.9092648700367,38.1119438686015,41.3809599744857,40.0255142720459,41.7796204752033,43.5337266783607,42.8958698772126,43.6931908786477,..,..
St. Kitts and Nevis,KNA,Agricultural land (% of land area),AG.LND.AGRI.ZS,19.2307692307692,19.2692307692308,19.5769230769231,19.6153846153846,21.1538461538462,21.9230769230769,23.0769230769231,23.0769230769231,23.0769230769231,..,..
St. Lucia,LCA,Agricultural land (% of land area),AG.LND.AGRI.ZS,17.8688524590164,16.5573770491803,16.2295081967213,16.5573770491803,17.3770491803279,17.3770491803279,17.3770491803279,17.3770491803279,17.3770491803279,..,..
St. Martin (French part),MAF,Agricultural land (% of land area),AG.LND.AGRI.ZS,..,..,..,..,..,..,..,..,..,..,..
St. Vincent and the Grenadines,VCT,Agricultural land (% of land area),AG.LND.AGRI.ZS,25.6410256410256,25.6410256410256,25.6410256410256,25.6410256410256,25.6410256410256,25.6410256410256,25.6410256410256,25.6410256410256,25.6410256410256,..,..
Sub-Saharan Africa,SSF,Agricultural land (% of land area),AG.LND.AGRI.ZS,44.1844495016406,44.2648631256518,44.4102229581583,44.5927884244284,44.5508201985562,44.7004735901502,43.7309942317746,44.0854901162469,43.8640068766852,..,..
Sub-Saharan Africa (excluding high income),SSA,Agricultural land (% of land area),AG.LND.AGRI.ZS,44.1851407365335,44.2655559268052,44.4109609330696,44.5935299552681,44.551565146208,44.7012383666938,43.7317858457841,44.0862886346862,43.8647892545574,..,..
Sub-Saharan Africa (IDA & IBRD countries),TSS,Agricultural land (% of land area),AG.LND.AGRI.ZS,44.1844495016406,44.2648631256518,44.4102229581583,44.5927884244284,44.5508201985562,44.7004735901502,43.7309942317746,44.0854901162469,43.8640068766852,..,..
Sudan,SDN,Agricultural land (% of land area),AG.LND.AGRI.ZS,56.9107744107744,57.2613636363636,57.4978956228956,57.5328282828283,57.3135521885522,57.3421717171717,45.7402356902357,47.4335016835017,45.7976851851852,..,..
Suriname,SUR,Agricultural land (% of land area),AG.LND.AGRI.ZS,0.466666666666667,0.466666666666667,0.448717948717949,0.453846153846154,0.515384615384615,0.501923076923077,0.512820512820513,0.469230769230769,0.533333333333333,..,..
Swaziland,SWZ,Agricultural land (% of land area),AG.LND.AGRI.ZS,71.1627906976744,71.1627906976744,71.1627906976744,71.1627906976744,71.046511627907,71.046511627907,71.046511627907,71.046511627907,71.046511627907,..,..
Sweden,SWE,Agricultural land (% of land area),AG.LND.AGRI.ZS,7.83740312911244,7.70824194570356,7.64487985572939,7.53765170346542,7.50353365501779,7.51815567578106,7.47185261003071,7.48416556193843,7.48244709579221,..,..
Switzerland,CHE,Agricultural land (% of land area),AG.LND.AGRI.ZS,39.2226327243282,39.1426474681783,39.0601275432736,38.9867395485373,38.9082903127847,38.8349023180484,38.7589837028039,38.6855957080676,38.6096770928232,..,..
Syrian Arab Republic,SYR,Agricultural land (% of land area),AG.LND.AGRI.ZS,75.3282126709157,75.5704405598214,75.6752341537791,75.6806795905032,75.7351339577434,75.7392582911289,75.7773784240048,75.8100528236127,75.8100528236127,..,..
Tajikistan,TJK,Agricultural land (% of land area),AG.LND.AGRI.ZS,33.3809659902829,33.8310945984567,33.7882252072021,33.7739354101172,33.9382680765933,34.6098885395827,34.6884824235496,34.8313803943984,34.8313803943984,..,..
Tanzania,TZA,Agricultural land (% of land area),AG.LND.AGRI.ZS,39.9187175434635,39.9187175434635,40.2461052156243,41.7412508466923,42.1088281779183,42.2781666290359,43.2377511853692,44.8182433958004,44.7617972454279,..,..
Thailand,THA,Agricultural land (% of land area),AG.LND.AGRI.ZS,38.3839965550314,38.5601597212707,38.7558965726477,39.2452387010903,40.8678971990057,41.222180899998,41.222180899998,42.7880757110141,43.2774178394566,..,..
Timor-Leste,TMP,Agricultural land (% of land area),AG.LND.AGRI.ZS,25.8910558170814,25.8910558170814,25.2185608607935,25.5548083389375,25.689307330195,25.0168123739072,25.084061869536,25.8238063214526,25.5548083389375,..,..
Togo,TGO,Agricultural land (% of land area),AG.LND.AGRI.ZS,59.7536311822026,60.305203162346,64.2581356867071,65.1774223202795,66.2805662805663,67.3837102408531,67.3837102408531,70.7850707850708,70.2334988049274,..,..
Tonga,TON,Agricultural land (% of land area),AG.LND.AGRI.ZS,41.6666666666667,41.6666666666667,43.0555555555556,41.6666666666667,43.0555555555556,43.0555555555556,43.0555555555556,43.0555555555556,43.0555555555556,..,..
Trinidad and Tobago,TTO,Agricultural land (% of land area),AG.LND.AGRI.ZS,10.5263157894737,10.5263157894737,10.5263157894737,10.5263157894737,10.5263157894737,10.5263157894737,10.5263157894737,10.5263157894737,10.5263157894737,..,..
Tunisia,TUN,Agricultural land (% of land area),AG.LND.AGRI.ZS,63.2337796086509,63.1179196704428,63.1114830072091,63.6006694129763,63.0084963954686,64.6112255406797,64.8300720906282,63.8645726055613,63.9997425334707,..,..
Turkey,TUR,Agricultural land (% of land area),AG.LND.AGRI.ZS,53.5621012694412,52.6135935449502,51.3298598027624,50.8322180788171,50.5580603666697,50.6892922573184,49.6953081350779,49.9032002390759,49.9239894494757,..,..
Turkmenistan,TKM,Agricultural land (% of land area),AG.LND.AGRI.ZS,74.2238205690209,73.8407847977358,73.5215883216649,73.0959930202371,72.7874364267018,72.3512012427383,72.0064690485817,72.0064690485817,72.0064690485817,..,..
Turks and Caicos Islands,TCA,Agricultural land (% of land area),AG.LND.AGRI.ZS,1.05263157894737,1.05263157894737,1.05263157894737,1.05263157894737,1.05263157894737,1.05263157894737,1.05263157894737,1.05263157894737,1.05263157894737,..,..
Tuvalu,TUV,Agricultural land (% of land area),AG.LND.AGRI.ZS,56.6666666666667,56.6666666666667,60,60,60,60,60,60,60,..,..
Uganda,UGA,Agricultural land (% of land area),AG.LND.AGRI.ZS,66.3730544016816,67.3777588709274,68.3824633401732,69.6374055352585,70.6421100045043,71.1400359066427,71.8880909634949,72.1374426491123,71.8880909634949,..,..
Ukraine,UKR,Agricultural land (% of land area),AG.LND.AGRI.ZS,71.2899996548034,71.2579397956366,71.2305594393524,71.2766691983705,71.2490506110613,71.2335151556998,71.2576814195954,71.2853000069046,71.2473244493544,..,..
United Arab Emirates,ARE,Agricultural land (% of land area),AG.LND.AGRI.ZS,6.72248803827751,6.50239234449761,6.43062200956938,6.51435406698565,4.69976076555024,4.75239234449761,4.70693779904306,4.56578947368421,4.57296650717703,..,..
United Kingdom,GBR,Agricultural land (% of land area),AG.LND.AGRI.ZS,70.0863886248088,73.7320712602819,72.9425866986318,73.0955234985326,71.6116231967925,71.1941470673335,70.9461414458728,71.020543132311,71.3024428553714,..,..
United States,USA,Agricultural land (% of land area),AG.LND.AGRI.ZS,44.945164332367,44.6647427613426,45.0623450106528,45.1835162264332,44.8170850359992,44.6493328173408,44.2386268477888,44.6799753373082,44.322552151317,..,..
Upper middle income,UMC,Agricultural land (% of land area),AG.LND.AGRI.ZS,34.9397911425858,34.9411488727287,34.9642275841138,34.9618596663683,34.9717748865795,35.1344547404721,35.1666933239532,35.2274194749251,35.375254638399,..,..
Uruguay,URY,Agricultural land (% of land area),AG.LND.AGRI.ZS,84.7446006170723,83.961832933379,83.1333561878643,83.8418466460976,84.6417552279739,82.4648611587247,82.9962290023997,81.304993715004,82.0649068677865,..,..
Uzbekistan,UZB,Agricultural land (% of land area),AG.LND.AGRI.ZS,62.8584861307005,62.8584861307005,62.7409496944053,62.62341325811,62.5763986835919,62.6939351198872,62.599905970851,62.8819934179596,62.9290079924777,..,..
Vanuatu,VUT,Agricultural land (% of land area),AG.LND.AGRI.ZS,15.0123051681706,15.1763740771124,15.3404429860541,15.3404429860541,15.3404429860541,15.3404429860541,15.3404429860541,15.3404429860541,15.3404429860541,..,..
"Venezuela, RB",VEN,Agricultural land (% of land area),AG.LND.AGRI.ZS,24.4827390737487,24.4373901706252,24.4419250609376,24.4884076866391,24.3750354288306,24.4884076866391,24.4884076866391,24.4884076866391,24.4884076866391,..,..
Vietnam,VNM,Agricultural land (% of land area),AG.LND.AGRI.ZS,32.4252588125262,32.5023381817009,32.4526719772955,33.0273809139872,33.1925049182443,34.7295771922469,34.8092366239881,35.0011287773729,35.0685329119231,..,..
Virgin Islands (U.S.),VIR,Agricultural land (% of land area),AG.LND.AGRI.ZS,17.1428571428571,11.4285714285714,11.4285714285714,11.4285714285714,11.4285714285714,11.4285714285714,11.4285714285714,11.4285714285714,11.4285714285714,..,..
West Bank and Gaza,WBG,Agricultural land (% of land area),AG.LND.AGRI.ZS,60.4318936877076,59.4186046511628,58.7209302325581,58.1727574750831,49.7176079734219,41.2624584717608,43.2724252491694,43.3554817275748,43.5215946843854,..,..
World,WLD,Agricultural land (% of land area),AG.LND.AGRI.ZS,38.0192510497463,37.9231430209644,37.9101468884114,37.8898741397985,37.7902468249724,37.7796662210717,37.6757126053831,37.7852235655918,37.7263421326541,..,..
"Yemen, Rep.",YEM,Agricultural land (% of land area),AG.LND.AGRI.ZS,44.5536678220353,44.750648711101,44.750648711101,44.5423035399739,44.4191904843078,44.6597344546092,44.4191904843078,44.604807091312,44.597230903271,..,..
Zambia,ZMB,Agricultural land (% of land area),AG.LND.AGRI.ZS,30.6191904653009,31.0039144997915,30.9178224081572,31.0563768681311,31.7276261450921,31.5258478053243,31.7948855916814,32.0639233780384,31.9294044848599,..,..
Zimbabwe,ZWE,Agricultural land (% of land area),AG.LND.AGRI.ZS,41.6181982680626,42.1351945198397,41.8766963939511,42.5229417086726,42.1351945198397,41.8766963939511,42.3936926457283,41.8766963939511,41.8766963939511,..,..
,,,,,,,,,,,,,,
,,,,,,,,,,,,,,
,,,,,,,,,,,,,,
Data from database: World Development Indicators,,,,,,,,,,,,,,
Last Updated: 10/04/2016,,,,,,,,,,,,,,
